{
  "mainAssemblyName": "BreakoutExtreme",
  "resources": {
    "hash": "sha256-KrFU6IAmLuk4Y8g5cD14w+kIu1fverFhIrgt/u5ffqs=",
    "jsModuleNative": {
      "dotnet.native.8.0.7.30z39iuag3.js": "sha256-rysN11r5sVt4/VPDJNU/CNFDoAUsQBEkcbp78A/Bt5w="
    },
    "jsModuleRuntime": {
      "dotnet.runtime.8.0.7.urcsr75yt5.js": "sha256-soZyw6XWXOLKhA26AOyzSpCP5cAsw1wvhdPHSYNTMfQ="
    },
    "wasmNative": {
      "dotnet.native.wasm": "sha256-YlSLSj7fJfx3rc68GjjxLihzDGer0+nyoO/sxmNimGE="
    },
    "icu": {
      "icudt_CJK.dat": "sha256-SZLtQnRc0JkwqHab0VUVP7T3uBPSeYzxzDnpxPpUnHk=",
      "icudt_EFIGS.dat": "sha256-8fItetYY8kQ0ww6oxwTLiT3oXlBwHKumbeP2pRF4yTc=",
      "icudt_no_CJK.dat": "sha256-L7sV7NEYP37/Qr2FPCePo5cJqRgTXRwGHuwF5Q+0Nfs="
    },
    "assembly": {
      "Autofac.wasm": "sha256-ITNKi5CoY29t1EF8zB6WJ32MDwTUIOuV7sSm+9jo/Ak=",
      "BreakoutExtreme.wasm": "sha256-VoIqH4cNwcqr2h5uVPkIBE3dgMUJrAvvZ/0gjDelbK0=",
      "GumCommon.wasm": "sha256-O9a4xz+hvBBVvkol7bhXR1yNp6hzsW8k2punobIDTJY=",
      "GumDataTypesNet6.wasm": "sha256-3DMaVYM7GJKvdn5oX2bgHcq5TIPvOud0qgxvnBBHPao=",
      "KNI.Extended.Content.Pipeline.wasm": "sha256-fwVE8lAb9k7Sp/Nadc0V7UG0eGpwQ1ROuB3L/EXUCoM=",
      "KNI.Extended.wasm": "sha256-a74/kjMsLlOlxWxL0E7v6W3mS/jggFfV70sQl0Doliw=",
      "Kni.Platform.wasm": "sha256-hl7wYcEjYcn8kVRHbdKzbL7LdA/qcV0Ius3CgaSfwQM=",
      "KniGum.wasm": "sha256-LyME6nTY0Ym2GHSgm0f3h24FLV0QGTIrTOUWF3Hyigk=",
      "Microsoft.AspNetCore.Components.wasm": "sha256-ytVVDNOYJnrznrh//xOHATN4qGVsL044r0awImF+3sk=",
      "Microsoft.AspNetCore.Components.Web.wasm": "sha256-FE67YsiQ/Irg18hlNe2QV3GDAXAgHWCTghXVy8ILpkc=",
      "Microsoft.AspNetCore.Components.WebAssembly.wasm": "sha256-VRp3vPK1qktO/C8z3vAvd4g8r8QraHUG6oxSeMyfMm4=",
      "Microsoft.AspNetCore.Hosting.Abstractions.wasm": "sha256-EBu0K8SFe/KbDl6H4PhdQZcfOWBAQS9MiNm+0jjq0xo=",
      "Microsoft.AspNetCore.Hosting.Server.Abstractions.wasm": "sha256-KOdV8nnepJvdzz9YZQF2IiESUrXNx6nNMN2Uvhssmi4=",
      "Microsoft.AspNetCore.Hosting.wasm": "sha256-D5749pnNwpM2NuL1FU/fMqcIC9imznPeawWvirjCaX4=",
      "Microsoft.AspNetCore.Http.Abstractions.wasm": "sha256-7wgz1ZHwXmXV8y00xn+jT4BGeuCQQbVYGQl+PNvBfnQ=",
      "Microsoft.AspNetCore.Http.Extensions.wasm": "sha256-sbIJEHnGL6std1HkIJ83mfNTk5yznrGRZbaacPDI5w4=",
      "Microsoft.AspNetCore.Http.Features.wasm": "sha256-bzIPAVp+XhD63CRn9cVTB4tJRU+oDEAuwFYoHytMhUk=",
      "Microsoft.AspNetCore.Http.wasm": "sha256-P7u++4zIBAR6s/X8yOsyscat1H9SsWsnAnBNrm4OxlA=",
      "Microsoft.AspNetCore.WebUtilities.wasm": "sha256-VQM0rTyQ42zNsi2Mfz/XlOZsi4F4HQ5RrZnGIJaRhjI=",
      "Microsoft.Extensions.Configuration.Abstractions.wasm": "sha256-Nmg7N5ikYipUmVsC1Vbuo2s+n+oV9eIawh9AMR6+8CI=",
      "Microsoft.Extensions.Configuration.EnvironmentVariables.wasm": "sha256-Pk+Y2PDnzwriGN8IDSFAa9G6gIStR0IDquBQucgEnXc=",
      "Microsoft.Extensions.Configuration.FileExtensions.wasm": "sha256-47i2b6wbDxnlPH1H9B2t/E0ojEjshQ2mn+PySb5LISo=",
      "Microsoft.Extensions.Configuration.Json.wasm": "sha256-/VUEfhgVp9FCU1rXnSNAI1mtW6EO5DpkV/5UNWDR/es=",
      "Microsoft.Extensions.Configuration.wasm": "sha256-3DwB/AwVi+fsKb2MSdd6mxmZ3JvZf642fULDRS/mQf4=",
      "Microsoft.Extensions.DependencyInjection.Abstractions.wasm": "sha256-Y9aqTv+5ojBj4Ri5udkRqETSa0qoxq1SaI7Fe7xksiM=",
      "Microsoft.Extensions.DependencyInjection.wasm": "sha256-u2WSFKwHwsaJ8g5GHG2eoDq0VaKH3L3CLn0oRT60W4Q=",
      "Microsoft.Extensions.FileProviders.Abstractions.wasm": "sha256-yBSE6IVEXH/CqhEvKDcLLHN0+/OeDgQGfKc44s3HYlM=",
      "Microsoft.Extensions.FileProviders.Physical.wasm": "sha256-2TIPR91nELKzkUpN6ah/ISFCM8jUdUv7STZIfBcWOoA=",
      "Microsoft.Extensions.FileSystemGlobbing.wasm": "sha256-J1fURtjEXb6znwcb9xqvn5JAOTRABXobUfxe/wuzLLM=",
      "Microsoft.Extensions.Hosting.Abstractions.wasm": "sha256-Xz4x8RC3O9/8lhPD+4JGVRUs+I0/RSgqCh/7RwNpyGA=",
      "Microsoft.Extensions.Logging.Abstractions.wasm": "sha256-tAHIUuvQpy4e8aXfQZ4fbJvPmk/oEsOtp1uxxepry0k=",
      "Microsoft.Extensions.Logging.wasm": "sha256-XXRx8S9diIwwjW/eBniib6KhpIlbcZLgFyr2hHMfRlo=",
      "Microsoft.Extensions.ObjectPool.wasm": "sha256-WhCSQbf8LsfZC+0xr1Kuw/rCR0P07cJpY7BexFdQpNA=",
      "Microsoft.Extensions.Options.wasm": "sha256-ezKJDNjeghS/qMdQmUpBPdH7bCDLrqkNqS6RsLxlpOY=",
      "Microsoft.Extensions.Primitives.wasm": "sha256-ccGD3mBNEz91SJoECpukeGhlCjuiWqPLIWf3mh0aSx4=",
      "Microsoft.JSInterop.wasm": "sha256-r9dkR5134QvSR5zRWncgwA3QgGc2mbiRwhPteP2xbpk=",
      "Microsoft.JSInterop.WebAssembly.wasm": "sha256-vXbrJxN/hJ4fcUDVzXW+XhXQrPJExVIZ5uQbSKQLnsQ=",
      "Microsoft.Net.Http.Headers.wasm": "sha256-jfXK+cfJd/PteHB+5Bay/NDY9b9VLvVw6G/Bm262Lpo=",
      "Microsoft.Win32.Primitives.wasm": "sha256-cv11z2EVr3BoUBLCHSJrmmRy7HkdltC9CgoZl+4CA1g=",
      "Microsoft.Win32.Registry.wasm": "sha256-4AJ781cVEM6MFG7/uzWhgHIo0jquv4mApszY4dWyfNc=",
      "netstandard.wasm": "sha256-/ddMjtKxaJud6PAjbmZXaGRvPy33ufrCgC1Vh1nKdxU=",
      "nkast.Wasm.Audio.wasm": "sha256-KGwlNNGEYXve6o+MRBpViVuKmN6TJpYltOiJIjGOo6I=",
      "nkast.Wasm.Canvas.wasm": "sha256-C4hW1Iqj6tdYQ7x3s2Mbo0B6t7vd8LPIuE+3UNYrjaI=",
      "nkast.Wasm.Dom.wasm": "sha256-l4hf03MQb1wsk5N8TA7XxbsmxZqtsEf1zYGI1vg7cIg=",
      "nkast.Wasm.XHR.wasm": "sha256-73AUnhjryhROyIBguI/tT1suXQB7fuXxjEnowqEhtC4=",
      "nkast.Wasm.XR.wasm": "sha256-I8t6qzxk4Vsgc2KigFuOJW+n0bP/M02c9GPyf061CSE=",
      "System.Buffers.wasm": "sha256-rNfBfUwCvR87djcL/PkkwScwAGKi9o8BG+daFJibjxI=",
      "System.Collections.Concurrent.wasm": "sha256-LX9Qpbh7dQFey05NCCRdZgOdkE+cNtBhmcyzDyA9gow=",
      "System.Collections.Immutable.wasm": "sha256-EBLDzPoKASG3qyyS/7CxO2OvPXj5PEgDhqIzWRrDn/g=",
      "System.Collections.NonGeneric.wasm": "sha256-nLX2aggFf704N7KmFyksowF8Fg5C5Itt6jCbTc0RgTs=",
      "System.Collections.Specialized.wasm": "sha256-J8j9rouJe+U4k0HsT0nX1fP69uFbf4co9snyllcAuo8=",
      "System.Collections.wasm": "sha256-CUtphXD9bPiYI8J7oRa02+foqiuH0pD9BOC5UJy2a6E=",
      "System.ComponentModel.Primitives.wasm": "sha256-AV3dLXZ1Eb6KMDdZ6A2yPbS7EbX80RtmRxx55/Y00S0=",
      "System.ComponentModel.TypeConverter.wasm": "sha256-gVoAMOmI7kvbyOf6FpXNJmqou3LcoL4gZYEEj8SopIE=",
      "System.ComponentModel.wasm": "sha256-TglF9Cma6UOoLFYnvaWKbPJjgEG7PgkN5biRsqmZKiQ=",
      "System.Console.wasm": "sha256-w0igToDJadT0088OpZHxnleIw8auPjCAOvGsrLKZSf0=",
      "System.Data.Common.wasm": "sha256-QhbFrqiwkuPjP+E3HEBNS8DiBtpOdQpOxZd0mwVEqss=",
      "System.Diagnostics.DiagnosticSource.wasm": "sha256-6TbBS+T2AaouNbq/I+ug+dH+Y0X7t/xiMr0kOgjd8Ys=",
      "System.Diagnostics.Process.wasm": "sha256-fWcZYWgg+NvkIeRn4AXfeAPuAniZf2BhtKQsdNZlyro=",
      "System.Diagnostics.TraceSource.wasm": "sha256-YYd3Z600knuPv10p4VyG57ehdiFcLvyrdY26KYJDSXc=",
      "System.Drawing.Primitives.wasm": "sha256-VQrSt/qtyZW1MKEJnEyaF/HKypxwonkAxDhB9tH3AeY=",
      "System.Drawing.wasm": "sha256-23mPH+93oGEPNj6MKZPWr72CSa0wzCx/uD3Q+SNOx2Y=",
      "System.IO.Compression.Brotli.wasm": "sha256-ZMGwzbIJITVZDnh7rgU3OPJvfvjoqYZluQs+7OtdyQc=",
      "System.IO.Compression.wasm": "sha256-1UFmIN5N0j+He31/UFqlsYi3VZ2pRhlA58wdE4vHo9Y=",
      "System.IO.FileSystem.Watcher.wasm": "sha256-JxiK0WH9rqCBWPYNil+evSb8okgWfqIol2GeQTAgNWs=",
      "System.IO.MemoryMappedFiles.wasm": "sha256-0FaVn9VQfDsd/8NXlRByBVGgq6//NMdZ6u9rge0LINA=",
      "System.Linq.Expressions.wasm": "sha256-BR9fLS5SSJ095XB/giux1aQvsrf3/x14JgvjMY+9e08=",
      "System.Linq.wasm": "sha256-UF62gJD7ZD4Nq/gc2ys3EZjIWWLLX1H7APSHKYvoJn0=",
      "System.Memory.wasm": "sha256-QQMK05USGRj0N7GSjK186Jyc0ZQNMH3VZVbPQcmcRmA=",
      "System.Net.Http.wasm": "sha256-2pGLv6COilHYc8EEMPXio7C4/p24PdATvN2XAan90dc=",
      "System.Net.Primitives.wasm": "sha256-5lb18ZsfWKSwrqVmStE8MWpV7uWsZR0kvPXTf2EyXhw=",
      "System.Net.WebClient.wasm": "sha256-tq3783J8KwY32SY3N6huk1NaLiRq20iX+RtE5i1Uzvk=",
      "System.Net.WebSockets.wasm": "sha256-ETScmkAU6/R3C7ngHFphQGZhiH24EySXg8eOyV/gCYk=",
      "System.Numerics.Vectors.wasm": "sha256-L7zzaJ28RjoQbxuD48r/CF8y3c8rKO/XiV9OEIhL3Pk=",
      "System.ObjectModel.wasm": "sha256-O6uoSqe7C1OanUwFBfGnuQ2JNZq+XIhC1dz78zZCXfs=",
      "System.Private.CoreLib.wasm": "sha256-TmNhIKzxjvMm2qYBkjMbxYwcPz8fuBeDrSLlHVJ/Biw=",
      "System.Private.Uri.wasm": "sha256-EVet+HwHXPyyWc6dt656mvQhbDS9NtBoCJixxT+f6ek=",
      "System.Private.Xml.wasm": "sha256-qk3Uc1yq3sEj7He4fD4ZVcGAEL39PkAd5LhfbgBfZJg=",
      "System.Reflection.Metadata.wasm": "sha256-/2s9RqyS4vEvmHz9lDJ8uWxwOBVBwXOiih5jbBs5e68=",
      "System.Runtime.InteropServices.JavaScript.wasm": "sha256-8m7q6IfvTajy/UhTPL/oSXLq+HE7txOHKCFLDDkFoyA=",
      "System.Runtime.InteropServices.RuntimeInformation.wasm": "sha256-F9s4CByQR21qeD0I/lEcVZKuQ+NSK03Ku9/TzPmyUzQ=",
      "System.Runtime.InteropServices.wasm": "sha256-652ny2/ywZ6W+wvlC8bHPVI0tFLv+RWIwEgK5bGwsVc=",
      "System.Runtime.Numerics.wasm": "sha256-zAopZOD1LA2B8pAR+44pltpF0TOvrNr4ZEmwG3O/QFQ=",
      "System.Runtime.Serialization.Primitives.wasm": "sha256-MYza032hPiRqhixcctxG1ibBOO6iQQezFtgJxX1iI6c=",
      "System.Runtime.wasm": "sha256-iXB48/C0j1lkcRO9jL47u+dTiJFIhsT2IXx4g5jgCTM=",
      "System.Security.Claims.wasm": "sha256-bWfZqnyWLmSIjs3IfnTQN5XBZ5Al4gyqDTWd559ndEk=",
      "System.Security.Cryptography.wasm": "sha256-gki0n0jFfmYlqIh4DzdSTwmKaRTcrrpIt1tCPsD0Rw0=",
      "System.Text.Encodings.Web.wasm": "sha256-Xvgj1rscNp/nLFe0abKv3leqEh4eBRaxZWIFYT0v9Uw=",
      "System.Text.Json.wasm": "sha256-4n3ChOyuZQbKKLWLXtWPs70WnASX2X7+EEZRfSgDTrY=",
      "System.Text.RegularExpressions.wasm": "sha256-JL/aHxnaJDtslb9AjktUi0pkpt+FThG97UDyogFTJwc=",
      "System.Threading.Tasks.Parallel.wasm": "sha256-SOeei55YiRSYpAe2QLbAMlvgLtE2XNARiBP248hYR0E=",
      "System.Threading.Thread.wasm": "sha256-cBZSgWCmAAUZrTQkW0wMd+xkwStTxnEmJ7gSYIrglSI=",
      "System.Threading.wasm": "sha256-eaSZhs6VaGtJSsCtCu5OxVmvgbygTvja4ixGAESEZ5E=",
      "System.wasm": "sha256-eod/LnITNsO959j6LrwLxPaXkS+PqOWHAzGnsOB9iHI=",
      "System.Xml.ReaderWriter.wasm": "sha256-ECfLVff4ANTxaEzodyLssmkPujiWueZK5XU45syFY6M=",
      "System.Xml.XmlSerializer.wasm": "sha256-HzuZMk380jh7Wg02ZFdnlazodwogP/k1trPISM87F14=",
      "TextCopy.wasm": "sha256-GqbYZLBITO3dqqsJ4DPwOeElXCpYNCbHhlrTpj+c2wY=",
      "ToolsUtilitiesStandard.wasm": "sha256-fvqpUI+HO/dWiyUkWXta+k1OYlpnM7/NJYXdQAZss2c=",
      "Xna.Framework.Audio.wasm": "sha256-mt22SR3BYAFMw35kkeT68nhZ7SklhWSsE3ModnRBTjQ=",
      "Xna.Framework.Content.Pipeline.Graphics.wasm": "sha256-e0JBt5fYqr4tKFlp97ucD+jCLqYuRq7ee8fchX+VG5I=",
      "Xna.Framework.Content.Pipeline.wasm": "sha256-DSPBooWO3eYssbsx2HoZL8sKJjVd/z0gkRd5zPcLJT0=",
      "Xna.Framework.Content.wasm": "sha256-ygoxEsUbqiGC3drPORg4hhp5FWtYVJVsCbJqxqARvU8=",
      "Xna.Framework.Devices.wasm": "sha256-oph5mEydG09TWCkyVtt/ANK/NDoHb1h0mLO4weO90Sk=",
      "Xna.Framework.Game.wasm": "sha256-ZKoMcYbUM3RirSATScc5gNET/b0ZId4ffAdjo9gIx8g=",
      "Xna.Framework.Graphics.wasm": "sha256-EI5DN1hReiYlGAHU8zBpcaQVDaKyjotJctNbITXvQfk=",
      "Xna.Framework.Input.wasm": "sha256-16hR8vorRPXT4hA+G8mucR2C4R+wL4SvruXgVXw/0cg=",
      "Xna.Framework.Media.wasm": "sha256-B+UkU8ujk5eeiwP8Qv2S1e5ix28iR7nRrzO0KsycfSE=",
      "Xna.Framework.Storage.wasm": "sha256-m9hZ5uFDqIgt43Is349twI+muabeKdnBEAChGbazWao=",
      "Xna.Framework.wasm": "sha256-GQu2vQ6+9wUAqBMWyn6TKOUtvg8UiqxslaCf9DtIdOE=",
      "Xna.Framework.XR.wasm": "sha256-TNa8ledXcPCoyky/tcOzkbp9WVtSrBxYp9wuwH+1Xqs="
    }
  },
  "cacheBootResources": true,
  "debugLevel": 0,
  "linkerEnabled": true,
  "globalizationMode": "sharded",
  "extensions": {
    "blazor": {}
  }
}